"question","previous_conversation","page_context","trajectory"
"Is the new Marvel movie, 'Marvels of the Multiverse', suitable for my 10-year-old? I'd like to take them this Friday.","[]","","[{""thought"": ""The user wants to know if the movie 'Marvels of the Multiverse' is suitable for a 10-year-old and is interested in showtimes for this Friday. I need to search for the movie event to find its rating and schedule."", ""tool_name"": ""Thinking"", ""tool_args"": {""note"": ""Identify movie suitability (rating) for a 10-year-old.\nFind showtimes for the movie 'Marvels of the Multiverse' on Friday.""}}, {""thought"": ""Okay, I will search for the movie 'Marvels of the Multiverse' for this coming Friday to check its rating and showtimes."", ""tool_name"": ""SearchEvent"", ""tool_args"": {""query"": ""Marvels of the Multiverse"", ""date"": ""this Friday""}}]"
"Any music concert in the coming week","[]","","[{""thought"": ""The user is looking for music concerts in the next week. The best tool for this is SearchEvent."", ""tool_name"": ""Thinking"", ""tool_args"": {""note"": ""Event category: music concerts\nDate range: coming week""}}, {""thought"": ""I should search for music concerts happening this week."", ""tool_name"": ""SearchEvent"", ""tool_args"": {""query"": ""music concerts"", ""date"": ""this week""}}]"
"How much are tickets for the art exhibition at the Fine Arts Museum?","[]","","[{""thought"": ""The user is asking about the ticket price for a specific event. The TicketInfo tool is the most appropriate for this query."", ""tool_name"": ""Thinking"", ""tool_args"": {""note"": ""Query: Ticket price\nEvent: art exhibition at the Fine Arts Museum""}}, {""thought"": ""I will check the ticket information for the art exhibition at the Fine Arts Museum."", ""tool_name"": ""TicketInfo"", ""tool_args"": {""query"": ""art exhibition at the Fine Arts Museum""}}]"
"Are there any art exhibitions happening in Taipei this weekend?","[]","","[{""thought"": ""The user is asking for 'art exhibitions' in 'Taipei' for 'this weekend'. I should use the SearchEvent tool."", ""tool_name"": ""Thinking"", ""tool_args"": {""note"": ""Event type: art exhibition\nLocation: Taipei\nDate: this weekend""}}, {""thought"": ""I will search for art exhibitions in Taipei for this weekend."", ""tool_name"": ""SearchEvent"", ""tool_args"": {""query"": ""art exhibitions in Taipei"", ""date"": ""this weekend""}}]"
"What benefits do I get with a membership to the science museum?","[]","","[{""thought"": ""The user is asking about membership benefits for a specific museum. The MembershipInfo tool is designed for this purpose."", ""tool_name"": ""Thinking"", ""tool_args"": {""note"": ""Query: Membership benefits\nVenue: science museum""}}, {""thought"": ""I need to find the membership benefits for the science museum."", ""tool_name"": ""MembershipInfo"", ""tool_args"": {""query"": ""science museum""}}]"
"What are some popular tourist attractions in Kaohsiung?","[]","","[{""thought"": ""The user wants to know about popular tourist attractions in Kaohsiung. I can use the SearchEvent tool to find information on these locations."", ""tool_name"": ""Thinking"", ""tool_args"": {""note"": ""Content type: tourist attractions\nLocation: Kaohsiung""}}, {""thought"": ""I need to find popular tourist spots in Kaohsiung."", ""tool_name"": ""SearchEvent"", ""tool_args"": {""query"": ""popular tourist attractions in Kaohsiung""}}]"
"Any outdoor activities happening tomorrow?","[]","","[{""thought"": ""The user is asking for 'outdoor activities' for 'tomorrow'. I should search for events that match this description and timeframe."", ""tool_name"": ""Thinking"", ""tool_args"": {""note"": ""Event category: outdoor activities\nDate: tomorrow""}}, {""thought"": ""I will search for outdoor events scheduled for tomorrow."", ""tool_name"": ""SearchEvent"", ""tool_args"": {""query"": ""outdoor activities"", ""date"": ""tomorrow""}}]"
"I lost my ticket for tonight's show, what should I do?","[]","","[{""thought"": ""The user has a problem regarding a lost ticket. This is a general support question. The GeneralHelp tool is the best fit."", ""tool_name"": ""Thinking"", ""tool_args"": {""note"": ""Problem: Lost ticket\nAction: Find policy or help steps""}}, {""thought"": ""I will look up the procedure for what to do if a ticket is lost."", ""tool_name"": ""GeneralHelp"", ""tool_args"": {""query"": ""lost ticket policy""}}]"
"I'm looking for a quiet cafe with Wi-Fi to work from in Xinyi District.","[]","","[{""thought"": ""The user is looking for a 'cafe' in 'Xinyi District' with specific attributes: 'quiet' and 'has Wi-Fi'. I can use the SearchEvent tool to find venues matching this description."", ""tool_name"": ""Thinking"", ""tool_args"": {""note"": ""Venue type: cafe\nLocation: Xinyi District\nAttributes: quiet, Wi-Fi""}}, {""thought"": ""I will search for quiet cafes with Wi-Fi in the Xinyi District."", ""tool_name"": ""SearchEvent"", ""tool_args"": {""query"": ""quiet cafe with Wi-Fi in Xinyi District""}}]"
"Are there any free museums in Tainan?","[]","","[{""thought"": ""The user is asking for 'museums' in 'Tainan' that are 'free'. I can search for this using the SearchEvent tool by including 'free' in the query."", ""tool_name"": ""Thinking"", ""tool_args"": {""note"": ""Attraction type: museum\nLocation: Tainan\nAttribute: free""}}, {""thought"": ""I'll search for free museums located in Tainan."", ""tool_name"": ""SearchEvent"", ""tool_args"": {""query"": ""free museums in Tainan""}}]"
"What's on at the National Theater and Concert Hall this Friday?","[]","","[{""thought"": ""The user is asking for events at a specific venue 'National Theater and Concert Hall' on a specific day 'this Friday'. I should search for events with these precise details."", ""tool_name"": ""Thinking"", ""tool_args"": {""note"": ""Venue: National Theater and Concert Hall\nDate: this Friday""}}, {""thought"": ""I need to find events at the National Theater and Concert Hall for this Friday."", ""tool_name"": ""SearchEvent"", ""tool_args"": {""query"": ""events at National Theater and Concert Hall"", ""date"": ""this Friday""}}]"
"Are there student discounts available for the film festival?","[]","","[{""thought"": ""The user is asking about a specific type of discount (student) for a specific event (film festival). The TicketInfo tool is the correct choice."", ""tool_name"": ""Thinking"", ""tool_args"": {""note"": ""Event: film festival\nQuery: student discounts""}}, {""thought"": ""I will check the ticket information for the film festival to see if there are student discounts."", ""tool_name"": ""TicketInfo"", ""tool_args"": {""query"": ""film festival"", ""user_type"": ""student""}}]"
"Any sports events, like baseball or basketball, happening this month?","[]","","[{""thought"": ""The user is looking for 'sports events', specifically 'baseball' or 'basketball', within 'this month'. I'll search for these types of events."", ""tool_name"": ""Thinking"", ""tool_args"": {""note"": ""Event category: sports, baseball, basketball\nDate: this month""}}, {""thought"": ""I should search for baseball or basketball games happening this month."", ""tool_name"": ""SearchEvent"", ""tool_args"": {""query"": ""baseball or basketball games"", ""date"": ""this month""}}]"
"How do I sign up for a membership?","[]","","[{""thought"": ""The user is asking a general question about the process of signing up for a membership. This falls under the MembershipInfo tool."", ""tool_name"": ""Thinking"", ""tool_args"": {""note"": ""Query: How to sign up for membership""}}, {""thought"": ""I will retrieve information on how to sign up for a membership."", ""tool_name"": ""MembershipInfo"", ""tool_args"": {""query"": ""how to sign up""}}]"
"What are some good hiking trails near Taipei?","[]","","[{""thought"": ""The user is asking for 'hiking trails' near 'Taipei'. I can find information on these locations using the SearchEvent tool."", ""tool_name"": ""Thinking"", ""tool_args"": {""note"": ""Attraction type: hiking trails\nLocation: near Taipei""}}, {""thought"": ""I need to find hiking trails around the Taipei area."", ""tool_name"": ""SearchEvent"", ""tool_args"": {""query"": ""hiking trails near Taipei""}}]"
"Where can I buy tickets for the Lantern Festival?","[]","","[{""thought"": ""The user wants to know the purchase location for tickets to a specific event. The TicketInfo tool can provide this information."", ""tool_name"": ""Thinking"", ""tool_args"": {""note"": ""Event: Lantern Festival\nQuery: where to buy tickets""}}, {""thought"": ""I need to find out where tickets for the Lantern Festival are sold."", ""tool_name"": ""TicketInfo"", ""tool_args"": {""query"": ""Lantern Festival ticket purchase locations""}}]"
"Are there any tech conferences scheduled for next year?","[]","","[{""thought"": ""The user is asking about 'tech conferences' with a future date range, 'next year'. This is an event search."", ""tool_name"": ""Thinking"", ""tool_args"": {""note"": ""Event type: tech conference\nDate: next year""}}, {""thought"": ""I'll search for tech conferences happening next year."", ""tool_name"": ""SearchEvent"", ""tool_args"": {""query"": ""tech conferences"", ""date"": ""next year""}}]"
"What is your refund policy?","[]","","[{""thought"": ""The user is asking a question about the refund policy. This is a general support question handled by the GeneralHelp tool."", ""tool_name"": ""Thinking"", ""tool_args"": {""note"": ""Query: Refund policy""}}, {""thought"": ""I will retrieve the refund policy information."", ""tool_name"": ""GeneralHelp"", ""tool_args"": {""query"": ""refund policy""}}]"
"What historical sites can I visit in Taichung?","[]","","[{""thought"": ""The user wants to find 'historical sites' in 'Taichung'. I will use the SearchEvent tool to look up these places."", ""tool_name"": ""Thinking"", ""tool_args"": {""note"": ""Attraction type: historical sites\nLocation: Taichung""}}, {""thought"": ""I need to find historical sites in Taichung."", ""tool_name"": ""SearchEvent"", ""tool_args"": {""query"": ""historical sites in Taichung""}}]"
"Show me what's playing at the Vieshow Cinemas right now.","[]","","[{""thought"": ""The user wants to know the movies playing at a specific theater, 'Vieshow Cinemas', 'right now'. I should search for events with this venue information."", ""tool_name"": ""Thinking"", ""tool_args"": {""note"": ""Venue: Vieshow Cinemas\nTime: now playing""}}, {""thought"": ""I will search for events currently happening at Vieshow Cinemas."", ""tool_name"": ""SearchEvent"", ""tool_args"": {""query"": ""events at Vieshow Cinemas"", ""date"": ""today""}}]"
"Any food festivals happening in Taiwan next month?","[]","","[{""thought"": ""The user is asking about 'food festivals' in 'Taiwan' for 'next month'. I should search for events matching these details."", ""tool_name"": ""Thinking"", ""tool_args"": {""note"": ""Event type: food festival\nLocation: Taiwan\nDate: next month""}}, {""thought"": ""I will search for food festivals scheduled in Taiwan for next month."", ""tool_name"": ""SearchEvent"", ""tool_args"": {""query"": ""food festivals in Taiwan"", ""date"": ""next month""}}]"
"I need a cheap and cheerful place for lunch near my current location.","[]","","[{""thought"": ""The user is looking for a 'cheap' restaurant for 'lunch' 'near their current location'. I can use SearchEvent to find places matching this description."", ""tool_name"": ""Thinking"", ""tool_args"": {""note"": ""Price range: cheap\nMeal: lunch\nLocation: user's current location""}}, {""thought"": ""I will search for inexpensive lunch options nearby."", ""tool_name"": ""SearchEvent"", ""tool_args"": {""query"": ""cheap lunch near me""}}]"
"What are the opening hours for the Taipei Zoo?","[]","","[{""thought"": ""The user is asking for 'opening hours' for the 'Taipei Zoo'. I can find this information by doing a search for the venue."", ""tool_name"": ""Thinking"", ""tool_args"": {""note"": ""Venue: Taipei Zoo\nInformation requested: opening hours""}}, {""thought"": ""I need to find the opening hours for the Taipei Zoo."", ""tool_name"": ""SearchEvent"", ""tool_args"": {""query"": ""Taipei Zoo opening hours""}}]"
"Is there a family membership option?","[]","","[{""thought"": ""The user is asking about a specific type of membership, a 'family membership'. The MembershipInfo tool is the correct one to use."", ""tool_name"": ""Thinking"", ""tool_args"": {""note"": ""Query: Family membership option""}}, {""thought"": ""I will check for information about family membership plans."", ""tool_name"": ""MembershipInfo"", ""tool_args"": {""query"": ""family membership""}}]"
"Are there any live music venues in Zhongshan District?","[]","","[{""thought"": ""The user is asking about 'live music venues' in 'Zhongshan District'. I can use the SearchEvent tool to find such places."", ""tool_name"": ""Thinking"", ""tool_args"": {""note"": ""Venue type: live music\nLocation: Zhongshan District""}}, {""thought"": ""I will search for live music venues in the Zhongshan District."", ""tool_name"": ""SearchEvent"", ""tool_args"": {""query"": ""live music venues in Zhongshan District""}}]"
"I'm looking for a book fair or literary event.","[]","","[{""thought"": ""The user wants to find a 'book fair' or 'literary event'. This is a general event search."", ""tool_name"": ""Thinking"", ""tool_args"": {""note"": ""Event type: book fair, literary event""}}, {""thought"": ""I should search for upcoming book fairs or literary events."", ""tool_name"": ""SearchEvent"", ""tool_args"": {""query"": ""book fair or literary event""}}]"
"Can I buy tickets at the door?","[]","","[{""thought"": ""The user is asking about the ticket purchasing policy, specifically about buying at the venue. The TicketInfo tool should have this information."", ""tool_name"": ""Thinking"", ""tool_args"": {""note"": ""Query: availability of at-the-door ticket sales""}}, {""thought"": ""I will check the ticket policy for information on at-the-door sales."", ""tool_name"": ""TicketInfo"", ""tool_args"": {""query"": ""at-the-door ticket sales""}}]"
"Any recommendations for vegetarian restaurants in Hsinchu?","[]","","[{""thought"": ""The user is requesting 'vegetarian restaurants' in 'Hsinchu'. I can find these using the SearchEvent tool."", ""tool_name"": ""Thinking"", ""tool_args"": {""note"": ""Cuisine: vegetarian\nLocation: Hsinchu""}}, {""thought"": ""I will search for vegetarian restaurants in Hsinchu."", ""tool_name"": ""SearchEvent"", ""tool_args"": {""query"": ""vegetarian restaurants in Hsinchu""}}]"
"What time does the last screening for 'Dune: Part Two' start tonight?","[]","","[{""thought"": ""The user wants to know the 'last screening' time for a specific movie, 'Dune: Part Two', for 'tonight'. I can find this by searching for the event's schedule."", ""tool_name"": ""Thinking"", ""tool_args"": {""note"": ""Movie title: Dune: Part Two\nTime: last screening tonight""}}, {""thought"": ""I need to find the showtimes for 'Dune: Part Two' for tonight and identify the last one."", ""tool_name"": ""SearchEvent"", ""tool_args"": {""query"": ""Dune: Part Two last screening"", ""date"": ""tonight""}}]"
"Find a park with a playground for kids.","[]","","[{""thought"": ""The user is looking for a 'park' with a 'playground for kids'. I can search for attractions with this feature."", ""tool_name"": ""Thinking"", ""tool_args"": {""note"": ""Attraction type: park\nFeature: playground for kids""}}, {""thought"": ""I will search for parks that have a children's playground."", ""tool_name"": ""SearchEvent"", ""tool_args"": {""query"": ""park with playground""}}]"
"I want to find a workshop or class, maybe pottery or painting, for this weekend.","[]","","[{""thought"": ""The user is interested in a 'workshop or class', specifically 'pottery or painting', for 'this weekend'. This is an event search."", ""tool_name"": ""Thinking"", ""tool_args"": {""note"": ""Event type: workshop, class, pottery, painting\nDate: this weekend""}}, {""thought"": ""I will search for pottery or painting workshops happening this weekend."", ""tool_name"": ""SearchEvent"", ""tool_args"": {""query"": ""pottery or painting workshop"", ""date"": ""this weekend""}}]"
"How can I contact customer support?","[]","","[{""thought"": ""The user is asking for contact information for customer support. This is a general help query."", ""tool_name"": ""Thinking"", ""tool_args"": {""note"": ""Query: Contact customer support""}}, {""thought"": ""I need to find the contact details for customer support."", ""tool_name"": ""GeneralHelp"", ""tool_args"": {""query"": ""customer support contact""}}]"
"Are there any night markets open now near me?","[]","","[{""thought"": ""The user is looking for 'night markets' that are 'open now' and 'near me'. I can search for these venues and check their current status."", ""tool_name"": ""Thinking"", ""tool_args"": {""note"": ""Attraction type: night market\nStatus: open now\nLocation: near me""}}, {""thought"": ""I need to find nearby night markets that are currently open."", ""tool_name"": ""SearchEvent"", ""tool_args"": {""query"": ""night markets open now near me""}}]"
"I need to book a restaurant for a business lunch tomorrow for 5 people.","[]","","[{""thought"": ""The user wants to find a restaurant for a 'business lunch' for '5 people' 'tomorrow'. I can search for suitable venues."", ""tool_name"": ""Thinking"", ""tool_args"": {""note"": ""Occasion: business lunch\nParty size: 5 people\nDate: tomorrow""}}, {""thought"": ""I will search for restaurants suitable for a business lunch."", ""tool_name"": ""SearchEvent"", ""tool_args"": {""query"": ""restaurant for business lunch""}}]"
"Find information about the upcoming Computex Taipei event.","[]","","[{""thought"": ""The user is asking for information about a specific event, 'Computex Taipei'. I should search for this event directly."", ""tool_name"": ""Thinking"", ""tool_args"": {""note"": ""Event name: Computex Taipei""}}, {""thought"": ""I will search for details about the Computex Taipei event."", ""tool_name"": ""SearchEvent"", ""tool_args"": {""query"": ""Computex Taipei""}}]"
"What's a good place to see cherry blossoms?","[]","","[{""thought"": ""The user is asking for a location to 'see cherry blossoms'. This is a seasonal attraction query. I can search for locations known for this."", ""tool_name"": ""Thinking"", ""tool_args"": {""note"": ""Activity: see cherry blossoms""}}, {""thought"": ""I will search for popular locations to view cherry blossoms."", ""tool_name"": ""SearchEvent"", ""tool_args"": {""query"": ""best places to see cherry blossoms""}}]"
"Can my membership be used at other locations?","[]","","[{""thought"": ""The user is asking about the portability of their membership. This is a question for the MembershipInfo tool."", ""tool_name"": ""Thinking"", ""tool_args"": {""note"": ""Query: Membership portability across locations""}}, {""thought"": ""I will check the membership details regarding its use at other branches or locations."", ""tool_name"": ""MembershipInfo"", ""tool_args"": {""query"": ""membership valid at other locations""}}]"
"Find a local market where I can buy fresh produce today.","[]","","[{""thought"": ""The user is looking for a 'local market' for 'fresh produce' that is open 'today'. I can search for this type of venue."", ""tool_name"": ""Thinking"", ""tool_args"": {""note"": ""Venue type: local market, fresh produce market\nDate: today""}}, {""thought"": ""I need to find local produce markets open today."", ""tool_name"": ""SearchEvent"", ""tool_args"": {""query"": ""fresh produce market open today""}}]"
"Any charity runs or marathons I can join in the next three months?","[]","","[{""thought"": ""The user wants to find 'charity runs' or 'marathons' within the 'next three months'. This is an event search."", ""tool_name"": ""Thinking"", ""tool_args"": {""note"": ""Event type: charity run, marathon\nDate: next three months""}}, {""thought"": ""I will search for charity runs and marathons scheduled in the next three months."", ""tool_name"": ""SearchEvent"", ""tool_args"": {""query"": ""charity run or marathon"", ""date"": ""next 3 months""}}]"
"I need a good dim sum place that's open for breakfast.","[]","","[{""thought"": ""The user is looking for a 'dim sum' restaurant that serves 'breakfast'. I can search for restaurants with these criteria."", ""tool_name"": ""Thinking"", ""tool_args"": {""note"": ""Cuisine: dim sum\nMeal: breakfast""}}, {""thought"": ""I'll search for dim sum restaurants that are open for breakfast."", ""tool_name"": ""SearchEvent"", ""tool_args"": {""query"": ""dim sum for breakfast""}}]"
"Where can I go for stargazing away from the city lights?","[]","","[{""thought"": ""The user wants to find a location for 'stargazing' 'away from city lights'. I can search for locations known for this activity."", ""tool_name"": ""Thinking"", ""tool_args"": {""note"": ""Activity: stargazing\nAttribute: away from city lights, dark sky""}}, {""thought"": ""I will search for good stargazing spots with low light pollution."", ""tool_name"": ""SearchEvent"", ""tool_args"": {""query"": ""stargazing spots away from city lights""}}]"
"What is the age restriction for the horror film festival?","[]","","[{""thought"": ""The user is asking about an age restriction for an event. This information should be part of the event details or ticket info. I will use TicketInfo first."", ""tool_name"": ""Thinking"", ""tool_args"": {""note"": ""Event: horror film festival\nQuery: Age restriction""}}, {""thought"": ""I will check the ticket information for the horror film festival to find any age restrictions."", ""tool_name"": ""TicketInfo"", ""tool_args"": {""query"": ""horror film festival age restriction""}}]"
"What are some fun things to do on a rainy day in Taipei?","[]","","[{""thought"": ""The user is asking for recommendations for 'fun things to do' on a 'rainy day' in 'Taipei'. This implies looking for indoor activities or events."", ""tool_name"": ""Thinking"", ""tool_args"": {""note"": ""Activity type: fun, indoor\nCondition: rainy day\nLocation: Taipei""}}, {""thought"": ""I will search for indoor activities and events in Taipei suitable for a rainy day."", ""tool_name"": ""SearchEvent"", ""tool_args"": {""query"": ""indoor activities in Taipei for a rainy day""}}]"
"Is the National Palace Museum open on Mondays?","[]","","[{""thought"": ""The user is asking about the operating days of the 'National Palace Museum'. I need to find the museum's information and check its hours."", ""tool_name"": ""Thinking"", ""tool_args"": {""note"": ""Attraction: National Palace Museum\nQuery: Open on Mondays?""}}, {""thought"": ""I need to check the opening hours for the National Palace Museum, specifically for Mondays."", ""tool_name"": ""SearchEvent"", ""tool_args"": {""query"": ""National Palace Museum opening hours""}}]"
"I'm looking for a restaurant with a great view.","[]","","[{""thought"": ""The user wants to find a 'restaurant' with a 'great view'. I will search for venues that match this description."", ""tool_name"": ""Thinking"", ""tool_args"": {""note"": ""Restaurant attribute: great view""}}, {""thought"": ""I will search for restaurants known for having a great view."", ""tool_name"": ""SearchEvent"", ""tool_args"": {""query"": ""restaurant with a great view""}}]"
"Any photography exhibitions I can visit today?","[]","","[{""thought"": ""The user is asking for 'photography exhibitions' to visit 'today'. This is a time-sensitive event search."", ""tool_name"": ""Thinking"", ""tool_args"": {""note"": ""Event type: photography exhibition\nDate: today""}}, {""thought"": ""I'll search for photography exhibitions that are open today."", ""tool_name"": ""SearchEvent"", ""tool_args"": {""query"": ""photography exhibitions"", ""date"": ""today""}}]"
"Do tickets include access to all exhibits?","[]","","[{""thought"": ""The user is asking what is included in the price of a ticket. This is a query for the TicketInfo tool."", ""tool_name"": ""Thinking"", ""tool_args"": {""note"": ""Query: Ticket inclusions and access""}}, {""thought"": ""I will check the ticket details to see which exhibits are included."", ""tool_name"": ""TicketInfo"", ""tool_args"": {""query"": ""ticket inclusions""}}]"
"Where can I go to see traditional Taiwanese opera?","[]","","[{""thought"": ""The user wants to find a venue or event for 'traditional Taiwanese opera'. I can search for both events and dedicated venues using SearchEvent."", ""tool_name"": ""Thinking"", ""tool_args"": {""note"": ""Event/Attraction: traditional Taiwanese opera""}}, {""thought"": ""I will search for places or events featuring traditional Taiwanese opera."", ""tool_name"": ""SearchEvent"", ""tool_args"": {""query"": ""traditional Taiwanese opera performance""}}]"
"Find a beach that is good for swimming near Keelung.","[]","","[{""thought"": ""The user is looking for a 'beach' 'near Keelung' with the attribute 'good for swimming'. I will search for locations matching this."", ""tool_name"": ""Thinking"", ""tool_args"": {""note"": ""Attraction type: beach\nActivity: swimming\nLocation: near Keelung""}}, {""thought"": ""I will search for beaches suitable for swimming near Keelung."", ""tool_name"": ""SearchEvent"", ""tool_args"": {""query"": ""beaches for swimming near Keelung""}}]"
"Any pop-up shops happening in the city this week?","[]","","[{""thought"": ""The user is asking about 'pop-up shops', which are temporary events, happening 'this week'. I should search for events with this description."", ""tool_name"": ""Thinking"", ""tool_args"": {""note"": ""Event type: pop-up shop\nDate: this week""}}, {""thought"": ""I will search for pop-up shop events scheduled for this week."", ""tool_name"": ""SearchEvent"", ""tool_args"": {""query"": ""pop-up shops"", ""date"": ""this week""}}]"